"","Date","Industry","Location","Prediction","Actual_Value","difference"
"1",2016-01-01,1,1,157027.800531227,148365.512099107,8662.28843212
"2",2016-02-01,1,1,175922.373084661,183981.208414071,-8058.83532940995
"3",2016-03-01,1,1,183275.265323219,192163.145691518,-8887.88036829897
"4",2016-04-01,1,1,168615.905304813,181547.95228875,-12932.0469839365
"5",2016-05-01,1,1,181285.769672109,189700.629606261,-8414.85993415216
"6",2016-06-01,1,1,174498.823642692,189452.147057273,-14953.3234145808
"7",2016-07-01,1,1,179643.939629939,167773.577129683,11870.3625002569
"8",2016-08-01,1,1,181266.498769849,193259.885792016,-11993.3870221673
"9",2016-09-01,1,1,176374.481517622,182641.977231339,-6267.49571371611
"10",2016-10-01,1,1,187183.1355106,183842.131807222,3341.00370337802
"11",2016-11-01,1,1,182881.669381164,202628.214516364,-19746.5451351992
"12",2016-01-01,1,2,203805.264883101,186426.454784204,17378.8100988969
"13",2016-02-01,1,2,206853.275077899,203012.444867413,3840.83021048602
"14",2016-03-01,1,2,203504.144331615,199875.179478687,3628.96485292731
"15",2016-04-01,1,2,199836.352573668,198130.683251331,1705.66932233682
"16",2016-05-01,1,2,211517.059092366,207095.261460687,4421.7976316787
"17",2016-06-01,1,2,206335.882306561,200774.45746237,5561.42484419051
"18",2016-07-01,1,2,212080.55445941,197556.748180222,14523.8062791883
"19",2016-08-01,1,2,211350.922428549,213095.368057185,-1744.44562863573
"20",2016-09-01,1,2,210309.22615742,198875.343678309,11433.8824791114
"21",2016-10-01,1,2,216499.378077141,199134.259287455,17365.1187896866
"22",2016-11-01,1,2,211740.064492481,213966.273951922,-2226.20945944107
"23",2016-01-01,1,3,187601.678347334,164916.581454815,22685.0968925194
"24",2016-02-01,1,3,204495.897075431,195838.044493529,8657.85258190183
"25",2016-03-01,1,3,213403.2333902,201834.590690465,11568.6426997345
"26",2016-04-01,1,3,198413.483343167,193046.776664382,5366.70667878486
"27",2016-05-01,1,3,210894.224498461,202772.263100341,8121.96139812018
"28",2016-06-01,1,3,203770.257640582,187262.655458046,16507.602182536
"29",2016-07-01,1,3,203311.606710371,180440.233784767,22871.3729256037
"30",2016-08-01,1,3,204589.192763239,203845.789576092,743.40318714676
"31",2016-09-01,1,3,200742.772199371,182375.913794667,18366.8584047042
"32",2016-10-01,1,3,211974.349382026,185396.613527111,26577.7358549148
"33",2016-11-01,1,3,214966.631734535,217984.605236222,-3017.973501687
"34",2016-01-01,1,4,189880.6835864,186736.607584511,3144.07600188872
"35",2016-02-01,1,4,224811.028776625,227838.508103497,-3027.47932687169
"36",2016-03-01,1,4,229089.431601963,226112.310998966,2977.12060299786
"37",2016-04-01,1,4,206748.252174284,224809.744602,-18061.4924277162
"38",2016-05-01,1,4,242793.119671779,234733.844343241,8059.27532853713
"39",2016-06-01,1,4,210060.961637736,230274.792046901,-20213.8304091656
"40",2016-07-01,1,4,213766.182269952,217419.353152128,-3653.17088217544
"41",2016-08-01,1,4,229576.355672503,232247.128510403,-2670.77283789939
"42",2016-09-01,1,4,212669.792460447,226753.954710267,-14084.16224982
"43",2016-10-01,1,4,219308.641046162,220259.121345455,-950.480299292307
"44",2016-11-01,1,4,216839.740697029,216467.431754248,372.308942780161
"45",2016-01-01,1,5,178269.159927124,158915.784392405,19353.3755347191
"46",2016-02-01,1,5,181923.664956898,175812.892440559,6110.77251633897
"47",2016-03-01,1,5,186092.382232574,172397.290346792,13695.0918857814
"48",2016-04-01,1,5,176342.966248609,168319.232987784,8023.73326082504
"49",2016-05-01,1,5,191988.029996687,166727.811380234,25260.2186164535
"50",2016-06-01,1,5,180278.891847423,166281.357872811,13997.5339746122
"51",2016-07-01,1,5,184021.112146493,165353.45510929,18667.6570372029
"52",2016-08-01,1,5,178557.610475554,172520.022043048,6037.58843250625
"53",2016-09-01,1,5,177523.039430563,164564.180983627,12958.8584469356
"54",2016-10-01,1,5,187585.750781192,162717.695858103,24868.0549230896
"55",2016-11-01,1,5,179032.644412905,173526.357166649,5506.28724625532
"56",2016-01-01,1,6,114990.948508999,119033.465765971,-4042.51725697191
"57",2016-02-01,1,6,118215.481696546,129452.192724662,-11236.7110281158
"58",2016-03-01,1,6,120832.873081356,127797.738818986,-6964.86573763043
"59",2016-04-01,1,6,120371.3721236,129405.886265833,-9034.51414223375
"60",2016-05-01,1,6,125841.470276322,138326.555135833,-12485.0848595109
"61",2016-06-01,1,6,116382.554832138,129858.193907973,-13475.6390758354
"62",2016-07-01,1,6,123058.05916862,129245.885785298,-6187.82661667772
"63",2016-08-01,1,6,121452.183335265,134230.503316899,-12778.3199816338
"64",2016-09-01,1,6,123872.628012756,133517.593878188,-9644.96586543223
"65",2016-10-01,1,6,122857.224996177,132851.596530968,-9994.37153479036
"66",2016-11-01,1,6,113718.455400314,138922.097651742,-25203.6422514282
"67",2016-01-01,1,7,172772.615116436,166995.101654255,5777.51346218071
"68",2016-02-01,1,7,174125.751404141,183861.968690638,-9736.21728649733
"69",2016-03-01,1,7,186337.19804113,182558.015455053,3779.18258607725
"70",2016-04-01,1,7,178759.312711738,186001.857522967,-7242.54481122919
"71",2016-05-01,1,7,192297.576908508,190618.544504194,1679.03240431409
"72",2016-06-01,1,7,178196.501249821,181217.106280104,-3020.6050302831
"73",2016-07-01,1,7,172673.564933055,182823.137700515,-10149.5727674601
"74",2016-08-01,1,7,168535.443004718,195491.311731584,-26955.8687268662
"75",2016-09-01,1,7,168655.849854699,186647.004159082,-17991.1543043831
"76",2016-10-01,1,7,164112.501689567,192543.995097736,-28431.4934081693
"77",2016-11-01,1,7,156836.029340549,203004.280447944,-46168.2511073945
"78",2016-01-01,1,8,130798.396204364,117672.576675455,13125.8195289095
"79",2016-02-01,1,8,134690.296071743,138049.120571471,-3358.82449972734
"80",2016-03-01,1,8,130351.69895118,137047.0621,-6695.36314882014
"81",2016-04-01,1,8,125981.615906178,126049.7595,-68.1435938218929
"82",2016-05-01,1,8,132817.851929762,147771.04528027,-14953.1933505085
"83",2016-06-01,1,8,124402.633690981,146210.211261389,-21807.5775704082
"84",2016-07-01,1,8,131300.252743671,143771.002403333,-12470.7496596623
"85",2016-08-01,1,8,129893.48575161,152244.59632975,-22351.1105781401
"86",2016-09-01,1,8,125248.637903069,147291.785953077,-22043.1480500083
"87",2016-10-01,1,8,126494.520663473,152036.842366579,-25542.3217031059
"88",2016-11-01,1,8,130194.524359119,141706.489961111,-11511.9656019925
"89",2016-01-01,1,9,185999.619260285,155957.291335,30042.3279252851
"90",2016-02-01,1,9,196133.707673792,196697.282523,-563.574849207595
"91",2016-03-01,1,9,197720.555448124,197189.496521111,531.058927013044
"92",2016-04-01,1,9,185388.179505465,191083.921221778,-5695.74171631248
"93",2016-05-01,1,9,198522.382927692,210670.338204444,-12147.9552767529
"94",2016-06-01,1,9,189354.963017552,201727.785415556,-12372.822398004
"95",2016-07-01,1,9,203293.957402858,184365.932112609,18928.0252902493
"96",2016-08-01,1,9,207308.854092292,217140.814725349,-9831.96063305653
"97",2016-09-01,1,9,199389.101676583,203598.076452273,-4208.97477568997
"98",2016-10-01,1,9,208857.996970726,196951.261467045,11906.7355036807
"99",2016-11-01,1,9,214227.043918636,203500.666292083,10726.3776265524
"100",2016-01-01,1,10,212379.562563635,202034.407989,10345.1545746354
"101",2016-02-01,1,10,226784.249059567,246732.847275849,-19948.5982162819
"102",2016-03-01,1,10,232370.796441543,233143.469707232,-772.673265688732
"103",2016-04-01,1,10,228844.373035091,231577.108458198,-2732.73542310757
"104",2016-05-01,1,10,246844.63732091,258379.118284727,-11534.4809638171
"105",2016-06-01,1,10,250931.746379726,245706.196675315,5225.54970441048
"106",2016-07-01,1,10,259011.488678096,237447.414857857,21564.0738202389
"107",2016-08-01,1,10,252849.761580511,281318.921365893,-28469.1597853814
"108",2016-09-01,1,10,243593.425780811,254624.925167982,-11031.4993871703
"109",2016-10-01,1,10,243460.718455172,256146.088636916,-12685.370181744
"110",2016-11-01,1,10,244657.495599981,272996.55335037,-28339.0577503893
"111",2016-01-01,2,1,417578.36524127,386484.743119038,31093.6221222316
"112",2016-02-01,2,1,419280.423925864,399443.059737952,19837.3641879114
"113",2016-03-01,2,1,442422.605008456,409582.874366419,32839.7306420371
"114",2016-04-01,2,1,415880.23405617,430644.801844673,-14764.5677885028
"115",2016-05-01,2,1,453713.245645918,413271.921988596,40441.3236573213
"116",2016-06-01,2,1,413591.02719265,425129.085219912,-11538.0580272618
"117",2016-07-01,2,1,418540.547779048,453103.376093421,-34562.8283143727
"118",2016-08-01,2,1,436507.13120637,431393.351570393,5113.77963597688
"119",2016-09-01,2,1,420150.927691298,436423.345167642,-16272.4174763439
"120",2016-10-01,2,1,437565.683519955,437344.699159545,220.984360409202
"121",2016-11-01,2,1,454374.419992074,448614.095100637,5760.32489143731
"122",2016-01-01,2,2,427193.665426403,416967.364839524,10226.3005868795
"123",2016-02-01,2,2,415579.483555569,422600.498814021,-7021.01525845128
"124",2016-03-01,2,2,454113.632509838,444783.768307539,9329.8642022984
"125",2016-04-01,2,2,440931.237548026,452789.694924072,-11858.4573760466
"126",2016-05-01,2,2,449288.913677232,429967.66322201,19321.2504552215
"127",2016-06-01,2,2,438832.676950604,414632.144475025,24200.532475579
"128",2016-07-01,2,2,440812.779172618,446905.894797277,-6093.11562465923
"129",2016-08-01,2,2,460971.541953812,437150.116745148,23821.4252086637
"130",2016-09-01,2,2,453612.470428861,450282.088598077,3330.38183078426
"131",2016-10-01,2,2,487303.498552316,451818.518704338,35484.9798479785
"132",2016-11-01,2,2,488972.82746644,450687.512940482,38285.3145259577
"133",2016-01-01,2,3,584281.092318684,558638.224155455,25642.8681632293
"134",2016-02-01,2,3,532321.692874579,513635.188329464,18686.5045451147
"135",2016-03-01,2,3,549061.1909269,493061.802491186,55999.3884357132
"136",2016-04-01,2,3,506084.673296566,481627.763374737,24456.909921829
"137",2016-05-01,2,3,506551.743188002,404739.987091905,101811.756096097
"138",2016-06-01,2,3,490944.570988397,356001.807265075,134942.763723323
"139",2016-07-01,2,3,489878.51039099,390638.456798841,99240.0535921491
"140",2016-08-01,2,3,533193.367256253,383861.285900278,149332.081355975
"141",2016-09-01,2,3,537903.013340856,407545.144921867,130357.868418989
"142",2016-10-01,2,3,605167.52628434,480848.378487632,124319.147796708
"143",2016-11-01,2,3,630899.915401114,505371.024647975,125528.89075314
"144",2016-01-01,2,4,319557.768775567,282844.932254054,36712.8365215134
"145",2016-02-01,2,4,258795.300409131,264898.633717179,-6103.33330804872
"146",2016-03-01,2,4,275634.009926203,280486.710928421,-4852.70100221783
"147",2016-04-01,2,4,261948.477800826,285850.887130732,-23902.4093299055
"148",2016-05-01,2,4,241537.936225663,278632.068283023,-37094.1320573602
"149",2016-06-01,2,4,223914.202201646,263779.355120238,-39865.1529185924
"150",2016-07-01,2,4,232681.718803139,280096.219355227,-47414.500552088
"151",2016-08-01,2,4,235456.400636591,276952.104708444,-41495.7040718538
"152",2016-09-01,2,4,236622.862470881,289050.675305778,-52427.8128348969
"153",2016-10-01,2,4,274021.744497764,288442.0847358,-14420.3402380361
"154",2016-11-01,2,4,281337.047028829,327749.420475556,-46412.3734467267
"155",2016-01-01,2,5,346096.696570128,443954.44296,-97857.7463898718
"156",2016-02-01,2,5,239136.418769486,344789.089920333,-105652.671150847
"157",2016-03-01,2,5,284409.606070465,377050.257661,-92640.6515905346
"158",2016-04-01,2,5,291679.738209607,385727.860632424,-94048.1224228176
"159",2016-05-01,2,5,217898.456937327,366063.734385263,-148165.277447937
"160",2016-06-01,2,5,231008.914909374,344201.36356725,-113192.448657876
"161",2016-07-01,2,5,259679.403558844,387220.823764773,-127541.420205928
"162",2016-08-01,2,5,226282.573377672,346851.13316383,-120568.559786158
"163",2016-09-01,2,5,209072.546339586,370575.394213265,-161502.847873679
"164",2016-10-01,2,5,231197.86755221,382888.505040566,-151690.637488356
"165",2016-11-01,2,5,243384.992927938,311895.585291538,-68510.5923636006
"166",2016-01-01,2,6,332049.331099778,238038.235436667,94011.0956631117
"167",2016-02-01,2,6,331896.254275458,252446.482588947,79449.7716865106
"168",2016-03-01,2,6,347357.043770322,265550.909186,81806.1345843219
"169",2016-04-01,2,6,346324.819977614,275755.512146,70569.3078316143
"170",2016-05-01,2,6,369449.939968827,277304.574233333,92145.3657354939
"171",2016-06-01,2,6,350616.110128095,262356.527939524,88259.5821885717
"172",2016-07-01,2,6,342377.377479302,268694.513226818,73682.8642524836
"173",2016-08-01,2,6,365405.118996438,264789.70148,100615.417516438
"174",2016-09-01,2,6,370170.033475082,263935.645603043,106234.387872038
"175",2016-10-01,2,6,379663.169202833,298369.262483793,81293.9067190401
"176",2016-11-01,2,6,402350.101736053,377119.348230741,25230.7535053125
"177",2016-01-01,2,7,317770.215934888,315324.4713545,2445.74458038755
"178",2016-02-01,2,7,275162.096902975,309596.799208983,-34434.7023060085
"179",2016-03-01,2,7,296482.963815936,325787.658200984,-29304.6943850472
"180",2016-04-01,2,7,271313.47181153,340257.286466032,-68943.8146545016
"181",2016-05-01,2,7,283960.242513338,319033.39019,-35073.1476766617
"182",2016-06-01,2,7,273822.765750936,321299.953453088,-47477.1877021524
"183",2016-07-01,2,7,287150.442858323,351302.815756567,-64152.3728982438
"184",2016-08-01,2,7,279565.006071216,314421.04529589,-34856.0392246743
"185",2016-09-01,2,7,265082.319500861,356531.363953623,-91449.0444527625
"186",2016-10-01,2,7,264339.912909568,373837.467960676,-109497.555051108
"187",2016-11-01,2,7,257968.95234163,373816.983522192,-115848.031180562
"188",2016-01-01,2,8,467263.16370973,429794.60558375,37468.5581259799
"189",2016-02-01,2,8,465100.641458233,363520.458530556,101580.182927677
"190",2016-03-01,2,8,473292.266282807,346492.172403684,126800.093879123
"191",2016-04-01,2,8,455466.251102585,343622.360576316,111843.890526269
"192",2016-05-01,2,8,485322.354950585,328691.5502095,156630.804741085
"193",2016-06-01,2,8,473886.7738399,270689.530345,203197.2434949
"194",2016-07-01,2,8,481193.671938511,340025.722463,141167.949475511
"195",2016-08-01,2,8,474011.175449554,321551.780177619,152459.395271935
"196",2016-09-01,2,8,475119.09454314,353191.031410476,121928.063132664
"197",2016-10-01,2,8,494238.836224807,380613.480671429,113625.355553378
"198",2016-11-01,2,8,481939.771845243,376161.622769524,105778.14907572
"199",2016-01-01,2,9,532289.295382082,511741.247150714,20548.0482313682
"200",2016-02-01,2,9,430733.260873074,447817.563610345,-17084.3027372713
"201",2016-03-01,2,9,477673.781246712,450375.387596452,27298.3936502607
"202",2016-04-01,2,9,443206.494380236,451330.481365484,-8123.98698524787
"203",2016-05-01,2,9,370903.364581062,422473.107897419,-51569.7433163571
"204",2016-06-01,2,9,371615.363617869,368343.77986,3271.58375786908
"205",2016-07-01,2,9,370535.829455188,425693.2065,-55157.3770448116
"206",2016-08-01,2,9,435176.50476992,416691.052177667,18485.4525922537
"207",2016-09-01,2,9,428774.32302011,430272.926118437,-1498.60309832782
"208",2016-10-01,2,9,467240.2151047,474634.444734375,-7394.22962967469
"209",2016-11-01,2,9,458578.18818617,455279.373569143,3298.81461702741
"210",2016-01-01,2,10,219786.220927857,280249.043237,-60462.8223091431
"211",2016-02-01,2,10,237854.100536472,295675.858882558,-57821.7583460858
"212",2016-03-01,2,10,246392.745852102,309665.278266341,-63272.5324142393
"213",2016-04-01,2,10,254962.741281226,318476.993816098,-63514.2525348716
"214",2016-05-01,2,10,275654.790875302,311506.093471429,-35851.3025961269
"215",2016-06-01,2,10,241811.963904726,308337.274731136,-66525.3108264105
"216",2016-07-01,2,10,265605.065816226,391149.592411667,-125544.526595441
"217",2016-08-01,2,10,271637.681211411,386485.941041429,-114848.259830017
"218",2016-09-01,2,10,264259.847119619,396740.102431136,-132480.255311517
"219",2016-10-01,2,10,268009.014601152,397608.405877609,-129599.391276457
"220",2016-11-01,2,10,270250.737987143,378361.300785217,-108110.562798075
"221",2016-01-01,3,1,532312.659353405,705507.816834235,-173195.15748083
"222",2016-02-01,3,1,523938.533399576,679622.309648864,-155683.776249288
"223",2016-03-01,3,1,591238.039057018,696956.922202667,-105718.883145648
"224",2016-04-01,3,1,536345.667273254,727647.064188172,-191301.396914918
"225",2016-05-01,3,1,602977.623600892,690063.647483789,-87086.023882897
"226",2016-06-01,3,1,559188.296408291,705538.379533125,-146350.083124834
"227",2016-07-01,3,1,544859.749089604,720028.656773579,-175168.907683975
"228",2016-08-01,3,1,563349.557432906,727269.191477717,-163919.634044812
"229",2016-09-01,3,1,511071.771364671,780567.514278191,-269495.74291352
"230",2016-10-01,3,1,565117.060060634,814869.070292525,-249752.010231891
"231",2016-11-01,3,1,573303.203944238,853822.068487525,-280518.864543287
"232",2016-01-01,3,2,578048.356093377,638803.122100723,-60754.766007346
"233",2016-02-01,3,2,565492.057048716,605266.629511084,-39774.5724623679
"234",2016-03-01,3,2,617080.854549252,701485.438784941,-84404.5842356895
"235",2016-04-01,3,2,623691.483971525,726694.503357356,-103003.019385831
"236",2016-05-01,3,2,645857.187879445,676931.059638954,-31073.8717595087
"237",2016-06-01,3,2,659548.601878512,673517.121215412,-13968.5193369
"238",2016-07-01,3,2,622573.474632984,741648.473232529,-119074.998599545
"239",2016-08-01,3,2,661705.583747275,702643.414664824,-40937.8309175489
"240",2016-09-01,3,2,632913.269709113,692486.580241778,-59573.310532665
"241",2016-10-01,3,2,637506.66558627,687856.591375408,-50349.925789138
"242",2016-11-01,3,2,677923.301355489,722284.831708866,-44361.5303533765
"243",2016-01-01,3,3,528662.142499313,761102.4576725,-232440.315173187
"244",2016-02-01,3,3,453240.707354267,712690.837547619,-259450.130193352
"245",2016-03-01,3,3,514759.052630418,745357.710414286,-230598.657783868
"246",2016-04-01,3,3,465602.407487878,809086.042882381,-343483.635394503
"247",2016-05-01,3,3,485363.013194823,782390.320745,-297027.307550177
"248",2016-06-01,3,3,408128.542362045,753481.831205714,-345353.288843669
"249",2016-07-01,3,3,408169.379095535,786833.000141905,-378663.62104637
"250",2016-08-01,3,3,424510.193518421,734043.290751818,-309533.097233398
"251",2016-09-01,3,3,447560.863620934,778816.124826522,-331255.261205588
"252",2016-10-01,3,3,522321.706769786,864183.25842913,-341861.551659345
"253",2016-11-01,3,3,532588.139634962,867345.259056522,-334757.11942156
"254",2016-01-01,3,4,907367.477825552,910066.988233529,-2699.51040797716
"255",2016-02-01,3,4,845534.448725076,857281.732988824,-11747.2842637479
"256",2016-03-01,3,4,909600.718596107,882203.776715556,27396.9418805517
"257",2016-04-01,3,4,881410.888017603,850452.001965,30958.8860526031
"258",2016-05-01,3,4,892647.728579838,820471.361723529,72176.3668563082
"259",2016-06-01,3,4,827631.315916782,751099.8008,76531.5151167825
"260",2016-07-01,3,4,857179.025869409,820098.960746111,37080.0651232975
"261",2016-08-01,3,4,950360.524410652,838893.113568235,111467.410842416
"262",2016-09-01,3,4,953894.942785186,814316.166231111,139578.776554075
"263",2016-10-01,3,4,952774.841982295,981754.917754706,-28980.0757724107
"264",2016-11-01,3,4,1040576.76092166,1100364.86515941,-59788.1042377539
"265",2016-01-01,3,5,363606.982878149,576800.3324,-213193.349521851
"266",2016-02-01,3,5,214315.473627178,486587.0671,-272271.593472822
"267",2016-03-01,3,5,320315.091678067,537929.026728,-217613.935049933
"268",2016-04-01,3,5,299318.323902511,528665.972281,-229347.648378489
"269",2016-05-01,3,5,319288.307578067,456710.923504545,-137422.615926478
"270",2016-06-01,3,5,250405.7458264,429851.056709091,-179445.310882691
"271",2016-07-01,3,5,342582.866917234,522243.438694545,-179660.571777312
"272",2016-08-01,3,5,334845.107080289,495306.611266364,-160461.504186075
"273",2016-09-01,3,5,403217.340080289,544481.522977273,-141264.182896983
"274",2016-10-01,3,5,311307.795031817,546745.096272308,-235437.301240491
"275",2016-11-01,3,5,192002.819313474,583537.677272727,-391534.857959253
"276",2016-04-01,3,6,235980.354213159,305225.82563,-69245.4714168411
"277",2016-05-01,3,6,276016.073556016,270996.36945375,5019.70410226582
"278",2016-06-01,3,6,249945.358008159,263529.18214125,-13583.8241330914
"279",2016-07-01,3,6,278869.644694587,290731.3635075,-11861.7188129126
"280",2016-08-01,3,6,170352.588829302,245440.57392,-75087.9850906983
"281",2016-09-01,3,6,190994.482183159,256892.781814444,-65898.2996312857
"282",2016-10-01,3,6,179647.522725587,264019.157085556,-84371.6343599682
"283",2016-11-01,3,6,150215.236835004,272486.438234444,-122271.20139944
"284",2016-01-01,3,7,514742.659383237,476168.518808,38574.1405752373
"285",2016-02-01,3,7,532824.628309112,508189.84661,24634.7816991116
"286",2016-03-01,3,7,576396.941072302,509027.540747619,67369.4003246828
"287",2016-04-01,3,7,554159.733679588,581215.55978,-27055.8261004123
"288",2016-05-01,3,7,593736.003837881,611258.576927619,-17522.5730897378
"289",2016-06-01,3,7,554491.0137073,653621.542286667,-99130.5285793663
"290",2016-07-01,3,7,636483.224035381,700933.600087727,-64450.376052346
"291",2016-08-01,3,7,652465.652722048,614665.461268182,37800.1914538662
"292",2016-09-01,3,7,596144.990581254,681792.476978095,-85647.486396841
"293",2016-10-01,3,7,651122.138105715,670145.827715714,-19023.6896099997
"294",2016-11-01,3,7,643347.505642161,703685.099068571,-60337.5934264108
"295",2016-03-01,3,8,201358.537898694,194467.479784,6891.05811469446
"296",2016-04-01,3,8,201829.993202028,194203.923534,7626.06966802778
"297",2016-05-01,3,8,150816.726845778,212134.94288,-61318.2160342222
"298",2016-06-01,3,8,220346.534796611,188003.03023,32343.5045666111
"299",2016-07-01,3,8,214966.100639528,202026.404436,12939.6962035279
"300",2016-08-01,3,8,167885.732460695,196685.666698,-28799.9342373055
"301",2016-09-01,3,8,173667.817386028,246001.655594,-72333.8382079721
"302",2016-10-01,3,8,176697.733650028,210297.123576,-33599.3899259722
"303",2016-11-01,3,8,171523.711024361,202275.260076,-30751.5490516388
"304",2016-01-01,3,9,661485.894875169,804329.2689,-142843.374024831
"305",2016-02-01,3,9,364996.009265681,573851.42472875,-208855.41546307
"306",2016-03-01,3,9,467758.277654014,970572.442877778,-502814.165223764
"307",2016-04-01,3,9,458138.493479569,1476185.5765,-1018047.08302043
"308",2016-05-01,3,9,362187.016252348,1171855.76553333,-809668.749280986
"309",2016-06-01,3,9,323634.568165125,899584.637333333,-575950.069168208
"310",2016-07-01,3,9,297381.223727347,975285.869809,-677904.646081653
"311",2016-08-01,3,9,374549.444612942,976132.171521,-601582.726908058
"312",2016-09-01,3,9,248731.64487199,1260839.52754444,-1012107.88267245
"313",2016-10-01,3,9,288458.672338061,1550019.64147778,-1261560.96913972
"314",2016-11-01,3,9,299088.310417395,1407717.768412,-1108629.45799461
"315",2016-05-01,3,10,-104155.394647789,311719.368364545,-415874.763012335
"316",2016-06-01,3,10,-16500.8025820194,321341.606506154,-337842.409088173
"317",2016-07-01,3,10,6949.92245004102,368348.27384,-361398.351389959
"318",2016-08-01,3,10,-17784.4463810005,353533.717200769,-371318.16358177
"319",2016-09-01,3,10,-19005.2044153754,367532.711132857,-386537.915548233
"320",2016-10-01,3,10,33996.1120542079,369986.876658571,-335990.764604364
"321",2016-11-01,3,10,93661.8976958746,351538.623144286,-257876.725448411
"322",2016-01-01,4,1,415175.981264353,390019.307894444,25156.6733699084
"323",2016-02-01,4,1,432338.942590214,385687.934712778,46651.0078774363
"324",2016-03-01,4,1,450193.589437367,400514.369236842,49679.2202005248
"325",2016-04-01,4,1,451227.332307745,378603.10925,72624.2230577454
"326",2016-05-01,4,1,479160.737418244,419256.263671765,59904.473746479
"327",2016-06-01,4,1,445731.708814284,377992.387148235,67739.3216660488
"328",2016-07-01,4,1,455172.303486623,383776.920435,71395.3830516234
"329",2016-08-01,4,1,487168.589917494,440455.856815,46712.7331024942
"330",2016-09-01,4,1,485789.617116145,400911.939158125,84877.6779580195
"331",2016-10-01,4,1,487618.381676711,395847.586875625,91770.794801086
"332",2016-11-01,4,1,482931.857346156,405416.47452625,77515.3828199055
"333",2016-01-01,4,2,183516.725376276,197702.319187333,-14185.593811057
"334",2016-02-01,4,2,196054.7966655,206774.10852,-10719.3118545
"335",2016-03-01,4,2,214871.394279815,235711.46678875,-20840.0725089347
"336",2016-04-01,4,2,211562.729052101,212936.231831875,-1373.5027797737
"337",2016-05-01,4,2,210393.800010144,228383.788356875,-17989.9883467311
"338",2016-06-01,4,2,219407.245544618,211184.097589375,8223.14795524257
"339",2016-07-01,4,2,213402.888621963,218927.061043333,-5524.17242137081
"340",2016-08-01,4,2,219109.611008788,238721.203969333,-19611.5929605454
"341",2016-09-01,4,2,222017.225186976,230841.533554,-8824.30836702432
"342",2016-10-01,4,2,225640.520455486,241808.568487143,-16168.0480316564
"343",2016-11-01,4,2,210376.953748813,209456.430103333,920.523645479319
"344",2016-01-01,4,3,279756.885739326,297287.8129,-17530.9271606735
"345",2016-02-01,4,3,281778.331336013,296342.740866667,-14564.4095306537
"346",2016-03-01,4,3,290235.193781013,314437.32515,-24202.131368987
"347",2016-04-01,4,3,269186.069528235,276621.362283333,-7435.29275509814
"348",2016-05-01,4,3,286042.859474108,298084.39485,-12041.5353758918
"349",2016-06-01,4,3,264904.341704346,250514.650403333,14389.691301013
"350",2016-07-01,4,3,270480.94473268,296013.4996,-25532.5548673203
"351",2016-08-01,4,3,302034.349066013,335965.55238,-33931.2033139871
"352",2016-09-01,4,3,283752.328671568,319661.91768,-35909.5890084315
"353",2016-10-01,4,3,285924.72819168,330152.12056,-44227.3923683204
"354",2016-11-01,4,3,326145.678563791,341279.889,-15134.2104362093
"355",2016-01-01,4,4,351255.311562821,361306.182544444,-10050.8709816232
"356",2016-02-01,4,4,351379.659604649,349703.548944444,1676.1106602049
"357",2016-03-01,4,4,369264.530966594,372862.9217,-3598.3907334063
"358",2016-04-01,4,4,356101.998931705,333678.390511111,22423.6084205938
"359",2016-05-01,4,4,383609.811998649,372047.564811111,11562.2471875382
"360",2016-06-01,4,4,347142.559411483,322116.683344444,25025.8760670382
"361",2016-07-01,4,4,348375.641214931,335730.788722222,12644.8524927092
"362",2016-08-01,4,4,395878.975512001,360217.254955556,35661.7205564457
"363",2016-09-01,4,4,379295.819999872,325644.917911111,53650.9020887605
"364",2016-10-01,4,4,393339.387218356,366633.972,26705.4152183564
"365",2016-11-01,4,4,398446.930070528,390139.5683375,8307.36173302808
"366",2016-01-01,4,5,414598.228559285,434852.600342857,-20254.3717835717
"367",2016-02-01,4,5,370966.921124278,350269.71027619,20697.2108480879
"368",2016-03-01,4,5,386694.998582648,381308.350966667,5386.64761598117
"369",2016-04-01,4,5,404166.859142905,351754.40169,52412.4574529053
"370",2016-05-01,4,5,419577.586457599,390613.92218,28963.6642775994
"371",2016-06-01,4,5,383959.454652933,332378.311045,51581.1436079333
"372",2016-07-01,4,5,399537.185571419,381283.81975,18253.3658214189
"373",2016-08-01,4,5,458355.941870328,405827.0521,52528.8897703277
"374",2016-09-01,4,5,409513.30238711,368494.50638,41018.7960071102
"375",2016-10-01,4,5,431673.409304448,377395.1794295,54278.2298749477
"376",2016-11-01,4,5,415914.647535003,352507.425615789,63407.2219192135
"377",2016-01-01,4,6,985092.487546802,773480.51175,211611.975796802
"378",2016-02-01,4,6,928839.044258085,711677.3053,217161.738958085
"379",2016-03-01,4,6,915948.313408085,771535.1474,144413.166008085
"380",2016-04-01,4,6,915700.752037529,770535.81535,145164.936687529
"381",2016-05-01,4,6,1120028.87195253,793132.86335,326896.008602529
"382",2016-06-01,4,6,977635.219329751,743352.8808,234282.338529751
"383",2016-07-01,4,6,1210526.41539142,799827.57235,410698.843041418
"384",2016-08-01,4,6,1234656.75384697,916363.19595,318293.557896974
"385",2016-09-01,4,6,1140534.93693586,799270.00875,341264.928185862
"386",2016-10-01,4,6,1219548.6580692,835747.4798,383801.178269196
"387",2016-11-01,4,6,1157766.7832692,841254.7922,316511.991069196
"388",2016-01-01,4,7,449064.043260321,472944.3887375,-23880.345477179
"389",2016-02-01,4,7,483428.003083991,484064.440302308,-636.437218316365
"390",2016-03-01,4,7,511432.578048463,541298.806163846,-29866.2281153827
"391",2016-04-01,4,7,503656.660741422,477662.6584,25994.0023414219
"392",2016-05-01,4,7,542343.997853213,543807.187258461,-1463.18940524803
"393",2016-06-01,4,7,487702.128374352,487025.985547692,676.142826660129
"394",2016-07-01,4,7,534068.154703575,496758.804687692,37309.3500158824
"395",2016-08-01,4,7,527162.947101187,546990.513795833,-19827.5666946459
"396",2016-09-01,4,7,515161.426637057,502305.604558333,12855.8220787233
"397",2016-10-01,4,7,556137.341603672,496736.785461667,59400.5561420053
"398",2016-11-01,4,7,535999.920011936,504343.24275,31656.6772619358
"399",2016-01-01,4,8,214407.494120535,250588.292914286,-36180.7987937512
"400",2016-02-01,4,8,203315.035794499,209515.584206,-6200.54841150119
"401",2016-03-01,4,8,207382.349940982,227738.307992857,-20355.9580518755
"402",2016-04-01,4,8,210555.95803707,211921.528128571,-1365.57009150152
"403",2016-05-01,4,8,222668.640365276,228128.255271429,-5459.61490615277
"404",2016-06-01,4,8,202823.735833815,199066.605642857,3757.13019095783
"405",2016-07-01,4,8,214130.499194856,209556.367497857,4574.13169699872
"406",2016-08-01,4,8,234966.327157088,227712.405977143,7253.92117994482
"407",2016-09-01,4,8,213102.705182987,214691.621444667,-1588.91626168013
"408",2016-10-01,4,8,221515.007678914,215551.753509286,5963.25416962837
"409",2016-11-01,4,8,218040.44590744,205263.045054286,12777.4008531543
"410",2016-01-01,4,9,208042.201456623,220713.305581,-12671.1041243768
"411",2016-02-01,4,9,195698.348322897,200035.835593636,-4337.48727073908
"412",2016-03-01,4,9,204881.697067534,218313.049267273,-13431.3521997391
"413",2016-04-01,4,9,195903.040678746,201361.887012727,-5458.84633398149
"414",2016-05-01,4,9,222887.23414713,223745.516945455,-858.282798324915
"415",2016-06-01,4,9,201042.888380298,195727.429891818,5315.45848847978
"416",2016-07-01,4,9,205228.434845412,207216.893017273,-1988.45817186029
"417",2016-08-01,4,9,224823.477300079,241177.26864,-16353.7913399209
"418",2016-09-01,4,9,212121.345679412,237837.87646,-25716.5307805875
"419",2016-10-01,4,9,207809.86569765,215378.780595455,-7568.9148978047
"420",2016-11-01,4,9,214638.024642261,235349.62492,-20711.6002777391
"421",2016-01-01,4,10,273059.984753534,279810.29169,-6750.30693646579
"422",2016-02-01,4,10,281437.232904806,259177.31991,22259.9129948063
"423",2016-03-01,4,10,288501.395699473,261857.206924,26644.1887754729
"424",2016-04-01,4,10,285779.376812436,247547.05452,38232.322292436
"425",2016-05-01,4,10,326284.298194288,267637.338206364,58646.9599879241
"426",2016-06-01,4,10,281335.437948732,249536.458936364,31798.9790123686
"427",2016-07-01,4,10,299708.282328732,277659.510827273,22048.7715014595
"428",2016-08-01,4,10,332634.05939688,303386.989016667,29247.0703802137
"429",2016-09-01,4,10,282471.143818732,279406.116616667,3065.02720206557
"430",2016-10-01,4,10,298347.463222658,282194.778684615,16152.6845380428
"431",2016-11-01,4,10,325153.865669843,261677.841807692,63476.023862151
"432",2016-01-01,5,1,541340.236118458,610696.304446667,-69356.0683282085
"433",2016-02-01,5,1,548824.79646701,661484.029493333,-112659.233026323
"434",2016-03-01,5,1,606435.249538489,721411.2453,-114975.995761511
"435",2016-04-01,5,1,585148.723918935,725453.53738125,-140304.813462315
"436",2016-05-01,5,1,632233.394814256,757697.9602875,-125464.565473245
"437",2016-06-01,5,1,584109.114861852,721277.08035,-137167.965488148
"438",2016-07-01,5,1,592791.163637038,686415.9445,-93624.7808629618
"439",2016-08-01,5,1,601277.726738599,727524.36215,-126246.635411401
"440",2016-09-01,5,1,624219.00494126,668842.520988889,-44623.5160476287
"441",2016-10-01,5,1,581328.224002323,633081.317221053,-51753.0932187301
"442",2016-11-01,5,1,591009.184040457,615304.9572755,-24295.7732350432
"443",2016-01-01,5,2,385061.802720144,363298.869915,21762.9328051444
"444",2016-02-01,5,2,384803.757615896,408264.879718333,-23461.122102437
"445",2016-03-01,5,2,405731.626321183,407265.837659167,-1534.21133798349
"446",2016-04-01,5,2,413843.093039433,412504.462873636,1338.63016579626
"447",2016-05-01,5,2,407234.539468402,445683.1645625,-38448.6250940979
"448",2016-06-01,5,2,411198.003174144,445641.037775,-34443.0346008559
"449",2016-07-01,5,2,455189.192823845,431884.325613333,23304.8672105117
"450",2016-08-01,5,2,461169.499907178,484815.940895,-23646.4409878216
"451",2016-09-01,5,2,436235.956231922,452084.482399167,-15848.5261672448
"452",2016-10-01,5,2,444382.320202392,462859.137575,-18476.817372608
"453",2016-11-01,5,2,406843.386669742,500719.503357273,-93876.1166875303
"454",2016-02-01,5,3,294319.473601395,286572.649488889,7746.82411250641
"455",2016-03-01,5,3,347306.204101395,293350.5477,53955.6564013953
"456",2016-04-01,5,3,319557.047494253,292402.8519,27154.1955942525
"457",2016-05-01,5,3,240438.350183284,296324.20514,-55885.8549567157
"458",2016-06-01,5,3,326222.935982814,291341.253454444,34881.6825283694
"459",2016-07-01,5,3,293861.436613766,293983.020577778,-121.583964011515
"460",2016-08-01,5,3,333502.532751266,294345.211621,39157.3211302662
"461",2016-09-01,5,3,255863.302775988,312058.325018,-56195.0222420115
"462",2016-10-01,5,3,299386.675201279,324974.42035,-25587.7451487206
"463",2016-11-01,5,3,292758.653233078,315364.63354,-22605.9803069216
"464",2016-01-01,5,4,320464.258695811,361409.856469231,-40945.5977734198
"465",2016-02-01,5,4,329067.581466411,391831.118453846,-62763.5369874352
"466",2016-03-01,5,4,322299.91628351,408848.515961538,-86548.5996780286
"467",2016-04-01,5,4,268665.719504535,405589.046230769,-136923.326726235
"468",2016-05-01,5,4,307062.351876814,406035.969078571,-98973.6172017576
"469",2016-06-01,5,4,255322.575202719,421734.544657143,-166411.969454424
"470",2016-07-01,5,4,271854.24434831,413762.203305,-141907.95895669
"471",2016-08-01,5,4,286241.477078016,461278.20006,-175036.722981984
"472",2016-09-01,5,4,280994.470426301,416323.654428571,-135329.18400227
"473",2016-10-01,5,4,244538.295744616,417857.372233571,-173319.076488955
"474",2016-11-01,5,4,236548.466499927,399349.285046667,-162800.818546739
"475",2016-01-01,5,5,234446.626156695,206600.326,27846.3001566952
"476",2016-02-01,5,5,205289.677997843,221395.239133333,-16105.5611354902
"477",2016-03-01,5,5,234129.230742254,182762.6975425,51366.5331997541
"478",2016-04-01,5,5,233599.955764476,231123.4551,2476.50066447633
"479",2016-05-01,5,5,242207.764342254,236330.2872,5877.47714225407
"480",2016-06-01,5,5,237398.379092254,229348.557833333,8049.82125892074
"481",2016-07-01,5,5,265871.48629781,225500.960333333,40370.5259644763
"482",2016-08-01,5,5,246388.687653365,234843.514933333,11545.1727200319
"483",2016-09-01,5,5,249781.497164476,186683.46339,63098.0337744763
"484",2016-10-01,5,5,241318.29679781,216165.470566667,25152.826231143
"485",2016-11-01,5,5,234001.03179781,744809.34515,-510808.31335219
"486",2016-01-01,5,6,549848.270848051,509614.86544,40233.4054080507
"487",2016-02-01,5,6,573721.545463148,539252.94857,34468.5968931478
"488",2016-03-01,5,6,640183.889903855,558327.33542,81856.5544838547
"489",2016-04-01,5,6,603417.835614865,566061.80617,37356.0294448651
"490",2016-05-01,5,6,754319.706553653,592214.17319,162105.533363653
"491",2016-06-01,5,6,716544.634717289,519589.026418182,196955.608299107
"492",2016-07-01,5,6,753125.449675168,556427.577118182,196697.872556986
"493",2016-08-01,5,6,716223.258194713,584136.703945455,132086.554249259
"494",2016-09-01,5,6,722062.455862516,520512.8321,201549.623762516
"495",2016-10-01,5,6,733745.681239747,569015.94823,164729.733009747
"496",2016-11-01,5,6,714506.518264229,610185.99426,104320.524004229
"497",2016-01-01,5,7,295782.32917223,259046.0015,36736.3276722303
"498",2016-02-01,5,7,308689.252869451,343669.2573,-34980.0044305493
"499",2016-03-01,5,7,334154.917602784,354784.14455,-20629.2269472161
"500",2016-04-01,5,7,321147.329727784,354344.09375,-33196.764022216
"501",2016-05-01,5,7,368788.501877784,381868.4621,-13079.9602222161
"502",2016-06-01,5,7,347485.14675834,390952.9413,-43467.7945416605
"503",2016-07-01,5,7,383276.471972228,380529.0025,2747.46947222843
"504",2016-08-01,5,7,363590.268244451,418064.0906,-54473.8223555493
"505",2016-09-01,5,7,357470.747216673,391450.52675,-33979.7795333271
"506",2016-10-01,5,7,328670.548305562,376953.9165,-48283.3681944382
"507",2016-11-01,5,7,306972.675225006,383997.0033,-77024.3280749938
"508",2016-01-01,5,8,428504.880859107,417215.8654,11289.0154591068
"509",2016-02-01,5,8,444408.396040868,433568.7977375,10839.5983033685
"510",2016-03-01,5,8,498053.938678646,460715.31345,37338.625228646
"511",2016-04-01,5,8,484429.831840868,454061.4749,30368.3569408684
"512",2016-05-01,5,8,512671.919087535,481130.513575,31541.405512535
"513",2016-06-01,5,8,469065.704688091,455920.40395,13145.3007380906
"514",2016-07-01,5,8,547075.99961698,477662.5188,69413.4808169795
"515",2016-08-01,5,8,551624.103621186,464915.8592375,86708.2443836859
"516",2016-09-01,5,8,476810.3976869,485635.427028571,-8825.02934167132
"517",2016-10-01,5,8,479108.483092376,467426.506114286,11681.9769780906
"518",2016-11-01,5,8,430730.866156662,456789.952371429,-26059.0862147666
"519",2016-01-01,5,9,459399.892242879,532510.575357143,-73110.6831142642
"520",2016-02-01,5,9,431794.581546592,537486.768714286,-105692.187167694
"521",2016-03-01,5,9,487523.125788258,587245.916357143,-99722.7905688844
"522",2016-04-01,5,9,474558.500881819,566446.096085714,-91887.5952038952
"523",2016-05-01,5,9,487699.454678031,564204.0287875,-76504.5741094688
"524",2016-06-01,5,9,475748.66607841,545595.72125,-69847.0551715901
"525",2016-07-01,5,9,469596.237538637,561552.9756375,-91956.7380988626
"526",2016-08-01,5,9,461255.146971246,581733.5005625,-120478.353591254
"527",2016-09-01,5,9,435057.326223269,552106.957025,-117049.630801731
"528",2016-10-01,5,9,429158.357258587,530904.7984,-101746.441141413
"529",2016-11-01,5,9,398881.522847039,546784.908375,-147903.385527961
"530",2016-01-01,5,10,413060.294640929,570668.70815,-157608.413509072
"531",2016-02-01,5,10,391679.211774207,589647.0232,-197967.811425793
"532",2016-03-01,5,10,472407.411140874,635111.20315,-162703.792009126
"533",2016-04-01,5,10,473027.652307541,634075.45795,-161047.805642459
"534",2016-05-01,5,10,393804.551257541,628017.9368,-234213.385542459
"535",2016-06-01,5,10,386012.384540874,632698.3032,-246685.918659126
"536",2016-07-01,5,10,369565.340007541,617349.9958,-247784.655792459
"537",2016-08-01,5,10,408472.752054207,473433.0585,-64960.3064457928
"538",2016-09-01,5,10,442738.535890874,659246.1062,-216507.570309126
"539",2016-10-01,5,10,461336.221990874,453750.875136667,7585.34685420722
"540",2016-11-01,5,10,444347.358990874,465525.403033333,-21178.0440424595
"541",2016-01-01,6,1,29683796.4091234,36487235.3106333,-6803438.90150991
"542",2016-02-01,6,1,23096521.6277515,35827653.0602,-12731131.4324485
"543",2016-03-01,6,1,27177730.3601131,36707273.3285667,-9529542.96845353
"544",2016-04-01,6,1,27690319.9725481,40348196.6442667,-12657876.6717185
"545",2016-05-01,6,1,30034684.0577492,42498964.4715667,-12464280.4138174
"546",2016-06-01,6,1,31797590.0565315,44094250.6276333,-12296660.5711019
"547",2016-07-01,6,1,33313854.7943892,46242136.7879,-12928281.9935108
"548",2016-08-01,6,1,31912423.8290304,46378804.5731667,-14466380.7441363
"549",2016-09-01,6,1,31843458.9559477,46583480.8471,-14740021.8911523
"550",2016-10-01,6,1,34655328.0604137,49971497.3235,-15316169.2630863
"551",2016-11-01,6,1,31676932.4734126,48440586.4291,-16763653.9556874
"552",2016-01-01,7,1,236125.172742008,255748.335234,-19623.1624919918
"553",2016-02-01,7,1,253407.623991804,280057.801312917,-26650.1773211127
"554",2016-03-01,7,1,250640.403025696,309614.18628087,-58973.7832551734
"555",2016-04-01,7,1,217710.842805055,328476.9056575,-110766.062852445
"556",2016-05-01,7,1,244061.860170068,313924.509575909,-69862.6494058412
"557",2016-06-01,7,1,221865.421542696,295048.086643636,-73182.6651009402
"558",2016-07-01,7,1,220576.387376034,288467.084742917,-67890.6973668823
"559",2016-08-01,7,1,228670.453105072,306547.56761125,-77877.1145061779
"560",2016-09-01,7,1,234902.864140444,320671.98698,-85769.1228395564
"561",2016-10-01,7,1,230050.390430642,330809.910994091,-100759.520563449
"562",2016-11-01,7,1,256042.652348671,333842.664777273,-77800.0124286013
"563",2016-01-01,7,2,259852.571932986,262562.754359583,-2710.18242659693
"564",2016-02-01,7,2,233305.867530403,274648.557487083,-41342.6899566807
"565",2016-03-01,7,2,245198.314168877,276994.787294167,-31796.4731252894
"566",2016-04-01,7,2,224531.027052739,285647.970102083,-61116.9430493442
"567",2016-05-01,7,2,256501.956722995,290505.386272917,-34003.4295499217
"568",2016-06-01,7,2,250583.908404432,274626.57267625,-24042.6642718178
"569",2016-07-01,7,2,263485.984288175,288352.37224375,-24866.3879555751
"570",2016-08-01,7,2,286560.910426362,303133.391726522,-16572.4813001601
"571",2016-09-01,7,2,278675.968038547,305594.869121739,-26918.9010831925
"572",2016-10-01,7,2,277167.830903295,317078.508915,-39910.6780117046
"573",2016-11-01,7,2,296449.694247838,335889.296359091,-39439.6021112532
"574",2016-01-01,7,3,382137.540326968,368312.681771429,13824.8585555393
"575",2016-02-01,7,3,357684.371440528,332101.06669625,25583.3047442776
"576",2016-03-01,7,3,280937.486961306,289413.492727,-8476.00576569437
"577",2016-04-01,7,3,246319.94744975,303192.913089,-56872.96563925
"578",2016-05-01,7,3,296803.762920083,296473.423794,330.33912608336
"579",2016-06-01,7,3,265528.97594875,289143.766853,-23614.7909042501
"580",2016-07-01,7,3,349349.913056972,319629.105541111,29720.8075158611
"581",2016-08-01,7,3,399880.967101194,319807.21518,80073.7519211944
"582",2016-09-01,7,3,374476.534230083,334612.790044444,39863.7441856388
"583",2016-10-01,7,3,363836.431985845,360764.01455,3072.41743584513
"584",2016-11-01,7,3,324564.952988028,395456.578455,-70891.6254669723
"585",2016-01-01,7,4,454497.373282932,426782.29794,27715.0753429317
"586",2016-02-01,7,4,394681.46418359,457576.9717,-62895.5075164103
"587",2016-03-01,7,4,429649.29662959,518603.95036,-88954.6537304102
"588",2016-04-01,7,4,408086.64379359,442246.834408333,-34160.1906147436
"589",2016-05-01,7,4,388263.793197368,436466.481671429,-48202.6884740609
"590",2016-06-01,7,4,388686.431412368,353699.5625875,34986.8688248675
"591",2016-07-01,7,4,403112.843824034,341816.195425,61296.6483990342
"592",2016-08-01,7,4,397458.17163459,424509.595828571,-27051.4241939817
"593",2016-09-01,7,4,435391.397230145,392839.7000875,42551.6971426454
"594",2016-10-01,7,4,456477.50825459,354776.31514,101701.19311459
"595",2016-11-01,7,4,450217.70197959,350878.17853,99339.5234495897
"596",2016-01-01,7,5,350554.605302945,410282.661206875,-59728.0559039302
"597",2016-02-01,7,5,327458.439760717,389995.449366,-62537.0096052832
"598",2016-03-01,7,5,338811.155808485,410472.488805333,-71661.3329968484
"599",2016-04-01,7,5,303660.176895114,411377.63333,-107717.456434886
"600",2016-05-01,7,5,336300.283393828,412237.924382,-75937.640988172
"601",2016-06-01,7,5,305363.666192666,380314.112792667,-74950.4466000003
"602",2016-07-01,7,5,323560.345519607,404778.545886667,-81218.2003670596
"603",2016-08-01,7,5,374931.515371168,388465.255904118,-13533.7405329492
"604",2016-09-01,7,5,351005.377905691,385004.857884706,-33999.4799790147
"605",2016-10-01,7,5,325790.911745208,407120.923604706,-81330.0118594975
"606",2016-11-01,7,5,322878.543757191,375167.890674706,-52289.3469175145
"607",2016-01-01,7,6,208959.427256439,184280.515465,24678.9117914389
"608",2016-02-01,7,6,211062.983523117,186701.198,24361.7855231173
"609",2016-03-01,7,6,228501.456895339,180432.164527143,48069.2923681966
"610",2016-04-01,7,6,211969.000173117,201125.39392875,10843.6062443673
"611",2016-05-01,7,6,239420.346623117,202536.2396075,36884.1070156172
"612",2016-06-01,7,6,237986.877678673,187158.077454444,50828.8002242284
"613",2016-07-01,7,6,238738.27893534,193442.234476667,45296.0444586728
"614",2016-08-01,7,6,258691.093328951,193938.223097778,64752.8702311729
"615",2016-09-01,7,6,214473.130853117,209197.5361275,5275.59472561727
"616",2016-10-01,7,6,218736.008158117,204402.39680125,14333.6113568673
"617",2016-11-01,7,6,221915.031758117,250698.23994,-28783.2081818827
"618",2016-01-01,7,7,250693.434674405,255020.584239091,-4327.14956468635
"619",2016-02-01,7,7,249088.874926437,264629.08694,-15540.2120135632
"620",2016-03-01,7,7,242914.013819918,267841.218493333,-24927.204673415
"621",2016-04-01,7,7,232285.339512474,252378.870014167,-20093.5305016928
"622",2016-05-01,7,7,248652.623366823,271801.755447273,-23149.1320804497
"623",2016-06-01,7,7,234183.616301009,236232.776875385,-2049.16057437545
"624",2016-07-01,7,7,251418.421266504,279963.956927857,-28545.535661353
"625",2016-08-01,7,7,243773.235761828,298727.227185714,-54953.991423886
"626",2016-09-01,7,7,231258.964830108,282017.090602143,-50758.1257720352
"627",2016-10-01,7,7,238448.246245208,282356.837599286,-43908.5913540779
"628",2016-11-01,7,7,222504.507936272,265605.459644286,-43100.9517080139
"629",2016-01-01,7,8,309292.581377748,260081.7951,49210.7862777484
"630",2016-02-01,7,8,319507.194166653,273618.4738,45888.7203666532
"631",2016-03-01,7,8,311065.553855542,262573.387875,48492.1659805421
"632",2016-04-01,7,8,271083.876167764,278952.952375,-7869.07620723569
"633",2016-05-01,7,8,306892.953477764,283941.581725,22951.3717527643
"634",2016-06-01,7,8,294138.223016653,243303.891225,50834.3317916532
"635",2016-07-01,7,8,318759.810555542,281827.3274,36932.4831555421
"636",2016-08-01,7,8,353600.396799987,313429.14565,40171.2511499865
"637",2016-09-01,7,8,327533.532024987,292480.050025,35053.4819999865
"638",2016-10-01,7,8,307452.57918332,298639.127875,8813.45130831987
"639",2016-11-01,7,8,311311.109888875,265157.12324,46153.9866488755
"640",2016-01-01,7,9,710364.203723073,617753.803183333,92610.4005397396
"641",2016-02-01,7,9,684342.792231379,630941.7534,53401.0388313793
"642",2016-03-01,7,9,706159.440374935,617143.551666667,89015.8887082682
"643",2016-04-01,7,9,645301.933696657,648853.088066667,-3551.15437000943
"644",2016-05-01,7,9,669875.327792935,660449.7053,9425.62249293481
"645",2016-06-01,7,9,738973.200465824,517690.580561429,221282.619904395
"646",2016-07-01,7,9,799769.188779157,486111.49749875,313657.691280407
"647",2016-08-01,7,9,782009.776665268,522005.20191375,260004.574751518
"648",2016-09-01,7,9,777391.014486379,466907.595663333,310483.418823046
"649",2016-10-01,7,9,836061.596050268,512967.502314444,323094.093735824
"650",2016-11-01,7,9,801072.718935824,500490.756674444,300581.962261379
"651",2016-01-01,7,10,417204.070875466,409481.826116667,7722.24475879921
"652",2016-02-01,7,10,446057.339221067,427932.4012,18124.9380210669
"653",2016-03-01,7,10,455061.331161067,424468.10215,30593.2290110668
"654",2016-04-01,7,10,460412.864768845,400246.309444286,60166.555324559
"655",2016-05-01,7,10,487756.422299956,365593.98669,122162.435609956
"656",2016-06-01,7,10,468931.398116622,356410.29163875,112521.106477872
"657",2016-07-01,7,10,491300.303185511,350616.9509675,140683.352218011
"658",2016-08-01,7,10,535209.198336622,371955.36739,163253.830946622
"659",2016-09-01,7,10,493181.350366067,364279.8345925,128901.515773567
"660",2016-10-01,7,10,512589.102027734,340250.946752222,172338.155275511
"661",2016-11-01,7,10,517108.854391067,557637.925704444,-40529.0713133775
"662",2016-01-01,8,1,1417749.10970289,1282757.76878,134991.340922885
"663",2016-02-01,8,1,1601841.85091643,913645.928094,688195.922822427
"664",2016-03-01,8,1,1621980.77932976,960512.604382,661468.17494776
"665",2016-04-01,8,1,1520713.50305865,926056.908728,594656.594330649
"666",2016-05-01,8,1,1608309.37326476,756447.165696667,851862.207568094
"667",2016-06-01,8,1,1290809.00538198,731180.956973333,559628.048408649
"668",2016-07-01,8,1,1326823.71484643,928106.940225,398716.774621427
"669",2016-08-01,8,1,1659956.53119032,883149.870243333,776806.660946982
"670",2016-09-01,8,1,1322257.21883976,905566.507548333,416690.711291427
"671",2016-10-01,8,1,1375278.98711059,811189.55883,564089.428280593
"672",2016-11-01,8,1,1331124.65540559,785821.628021667,545303.027383927
"673",2016-01-01,8,2,620494.001214772,628883.600814546,-8389.59959977306
"674",2016-02-01,8,2,617070.154085033,539176.507846364,77893.6462386691
"675",2016-03-01,8,2,653021.499487493,542280.424386667,110741.075100826
"676",2016-04-01,8,2,667782.410559996,636625.065255833,31157.3453041627
"677",2016-05-01,8,2,691499.093126378,595666.391312308,95832.7018140701
"678",2016-06-01,8,2,704005.033717532,764561.475009167,-60556.4412916349
"679",2016-07-01,8,2,788961.689488857,953114.057491667,-164152.36800281
"680",2016-08-01,8,2,780133.038890523,794619.6638,-14486.6249094768
"681",2016-09-01,8,2,640282.608183953,554993.350665833,85289.25751812
"682",2016-10-01,8,2,668020.528025736,536634.133927273,131386.394098463
"683",2016-11-01,8,2,684709.460703215,548058.2240825,136651.236620715
"684",2016-01-01,8,3,668560.61756441,589822.2886725,78738.3288919099
"685",2016-02-01,8,3,519240.006444892,627871.4144,-108631.407955109
"686",2016-03-01,8,3,517848.810825725,596186.983866667,-78338.1730409417
"687",2016-04-01,8,3,605970.461292114,746704.771666667,-140734.310374553
"688",2016-05-01,8,3,674670.022575447,724453.7868,-49783.7642245529
"689",2016-06-01,8,3,641014.621925447,678487.319566667,-37472.6976412195
"690",2016-07-01,8,3,719738.313670725,780043.804366667,-60305.4906959418
"691",2016-08-01,8,3,780037.666411558,737923.144066667,42114.5223448914
"692",2016-09-01,8,3,569109.333026003,716434.110433333,-147324.777407331
"693",2016-10-01,8,3,580081.698097669,551970.566275,28111.1318226693
"694",2016-11-01,8,3,565105.035397669,538278.8851,26826.1502976692
"695",2016-01-01,8,4,339927.500792,422675.58958,-82748.0887879996
"696",2016-02-01,8,4,311965.485562099,413261.18358,-101295.698017901
"697",2016-03-01,8,4,330425.34810021,399438.81784,-69013.4697397902
"698",2016-04-01,8,4,324080.122949321,462157.87096,-138077.748010679
"699",2016-05-01,8,4,335111.34107821,440512.06624,-105400.72516179
"700",2016-06-01,8,4,323237.602801543,379847.25766,-56609.654858457
"701",2016-07-01,8,4,348076.29383821,433721.10614,-85644.8123017903
"702",2016-08-01,8,4,356474.75812821,425236.55546,-68761.7973317903
"703",2016-09-01,8,4,315284.113407321,407306.95874,-92022.8453326792
"704",2016-10-01,8,4,296591.443202876,412590.335996,-115998.892793124
"705",2016-11-01,8,4,282453.157194876,348441.08396,-65987.9267651236
"706",2016-01-01,8,5,145794.234919846,294429.321599167,-148635.086679321
"707",2016-02-01,8,5,-38606.911874573,243087.075646667,-281693.98752124
"708",2016-03-01,8,5,-9505.63603253299,215396.398628182,-224902.034660715
"709",2016-04-01,8,5,-63205.6497563825,234620.153912,-297825.803668382
"710",2016-05-01,8,5,-48602.4685294991,217346.709037,-265949.177566499
"711",2016-06-01,8,5,-54720.5506327744,173286.283307,-228006.833939774
"712",2016-07-01,8,5,179041.943475559,214667.349468,-35625.4059924412
"713",2016-08-01,8,5,175230.80824088,190555.410117273,-15324.6018763932
"714",2016-09-01,8,5,181083.373111435,220384.689254545,-39301.3161431104
"715",2016-10-01,8,5,171161.293336713,225322.636717,-54161.3433802872
"716",2016-11-01,8,5,38525.8981633795,216225.181330909,-177699.28316753
"717",2016-01-01,8,6,861896.596253455,778082.221693333,83814.3745601213
"718",2016-02-01,8,6,788017.323275667,642303.401125,145713.922150667
"719",2016-03-01,8,6,854839.674950445,761302.555715,93537.1192354453
"720",2016-04-01,8,6,967211.859130001,756307.22426,210904.634870001
"721",2016-05-01,8,6,953037.437644445,616655.8215,336381.616144445
"722",2016-06-01,8,6,950056.772415556,621332.099001667,328724.67341389
"723",2016-07-01,8,6,998232.490146557,694121.31635,304111.173796557
"724",2016-08-01,8,6,962734.241029445,669403.47729,293330.763739445
"725",2016-09-01,8,6,867140.757310834,704697.97109,162442.786220834
"726",2016-10-01,8,6,965413.740924445,640732.714007143,324681.026917303
"727",2016-11-01,8,6,917164.629180556,634203.208685714,282961.420494842
"728",2016-01-01,8,7,266460.173416972,534682.386825,-268222.213408028
"729",2016-02-01,8,7,197184.099950092,450582.072475,-253397.972524908
"730",2016-03-01,8,7,314063.673433424,496293.194075,-182229.520641576
"731",2016-04-01,8,7,362093.114608425,512977.392525,-150884.277916575
"732",2016-05-01,8,7,253519.894883425,507945.031575,-254425.136691575
"733",2016-06-01,8,7,419647.105716758,553369.7258,-133722.620083242
"734",2016-07-01,8,7,287869.223891758,545455.3322,-257586.108308242
"735",2016-08-01,8,7,276734.162441758,442145.296286,-165411.133844242
"736",2016-09-01,8,7,253241.725983425,500642.16518,-247400.439196575
"737",2016-10-01,8,7,165190.231636202,479348.48822,-314158.256583798
"738",2016-11-01,8,7,189258.044567591,865196.775733333,-675938.731165742
"739",2016-01-01,8,8,514745.967151478,529412.26342,-14666.296268522
"740",2016-02-01,8,8,244652.61470699,461302.4285,-216649.81379301
"741",2016-03-01,8,8,211568.988932784,317513.47882,-105944.489887216
"742",2016-04-01,8,8,285705.633963339,348607.223225,-62901.5892616605
"743",2016-05-01,8,8,241314.257746118,255572.300424,-14258.0426778823
"744",2016-06-01,8,8,262507.80257334,271464.153272,-8956.35069866036
"745",2016-07-01,8,8,296240.946276673,415520.249675,-119279.303398327
"746",2016-08-01,8,8,288391.828217673,339065.263504,-50673.4352863271
"747",2016-09-01,8,8,297936.323558673,392438.088475,-94501.7649163269
"748",2016-10-01,8,8,357491.371963451,315642.91947,41848.4524934507
"749",2016-11-01,8,8,366961.766296673,454334.13186,-87372.365563327
"750",2016-01-01,8,9,506132.854176566,508989.761276923,-2856.90710035706
"751",2016-02-01,8,9,440343.587063119,446599.291169231,-6255.70410611224
"752",2016-03-01,8,9,474316.296606174,437493.129695714,36823.1669104602
"753",2016-04-01,8,9,465785.636005136,454892.700835714,10892.9351694215
"754",2016-05-01,8,9,474924.421371075,390906.278032,84018.1433390753
"755",2016-06-01,8,9,475984.049439742,356582.236402,119401.813037742
"756",2016-07-01,8,9,489453.394284647,426250.588470769,63202.8058138774
"757",2016-08-01,8,9,493627.222049782,405395.273815385,88231.948234397
"758",2016-09-01,8,9,495045.282075905,411054.729176923,83990.5528989818
"759",2016-10-01,8,9,506075.928664324,412453.807923077,93622.1207412468
"760",2016-11-01,8,9,512568.335555456,435700.799635714,76867.5359197418
"761",2016-01-01,8,10,535216.484652936,663781.269025,-128564.784372063
"762",2016-02-01,8,10,490324.859429718,494326.309075,-4001.44964528154
"763",2016-03-01,8,10,587881.907238885,606920.2019,-19038.294661115
"764",2016-04-01,8,10,632422.426566385,668203.47935,-35781.0527836148
"765",2016-05-01,8,10,583900.168726385,745157.81944,-161257.650713615
"766",2016-06-01,8,10,569097.005263052,560288.7792,8808.22606305184
"767",2016-07-01,8,10,543356.509054163,681411.837725,-138055.328670837
"768",2016-08-01,8,10,536604.801961385,606949.47745,-70344.6754886148
"769",2016-09-01,8,10,529857.077593052,628636.8823,-98779.8047069482
"770",2016-10-01,8,10,575458.115190274,684276.74065,-108818.625459726
"771",2016-11-01,8,10,625445.209469718,650580.410833333,-25135.201363615
"772",2016-01-01,9,1,410286.280703932,600394.170234286,-190107.889530354
"773",2016-02-01,9,1,420002.409595386,621027.70913875,-201025.299543364
"774",2016-03-01,9,1,434819.079296815,607183.3057325,-172364.226435685
"775",2016-04-01,9,1,447724.418053482,473584.412381818,-25859.9943283365
"776",2016-05-01,9,1,432334.648675208,528226.10301,-95891.4543347922
"777",2016-06-01,9,1,444562.492331577,661378.66858,-216816.176248423
"778",2016-07-01,9,1,494780.725712609,698068.131953636,-203287.406241028
"779",2016-08-01,9,1,517803.233492307,701264.602067692,-183461.368575385
"780",2016-09-01,9,1,519328.165734593,594297.369676923,-74969.2039423303
"781",2016-10-01,9,1,581473.320242053,645424.552645833,-63951.2324037803
"782",2016-11-01,9,1,603779.700676053,641105.723498462,-37326.0228224085
"783",2016-01-01,9,2,921940.655233324,805344.828968,116595.826265324
"784",2016-02-01,9,2,960323.525138011,838692.861233438,121630.663904573
"785",2016-03-01,9,2,1073604.44923857,941160.348933333,132444.100305234
"786",2016-04-01,9,2,1056222.19358538,942499.91244,113722.281145384
"787",2016-05-01,9,2,1147934.70720114,933527.566114857,214407.141086284
"788",2016-06-01,9,2,1110101.80289085,917713.587981143,192388.214909708
"789",2016-07-01,9,2,1169997.2849786,1076446.21230914,93551.0726694583
"790",2016-08-01,9,2,1229054.94535097,1056579.29703939,172475.648311579
"791",2016-09-01,9,2,1189174.68281962,1075782.17581788,113392.507001739
"792",2016-10-01,9,2,1214551.63802123,1023239.28356529,191312.35445594
"793",2016-11-01,9,2,1260591.13416691,1041776.78308611,218814.351080795
"794",2016-01-01,9,3,768599.927386373,686089.7966,82510.1307863733
"795",2016-02-01,9,3,844833.343427605,731841.88005,112991.463377605
"796",2016-03-01,9,3,801832.735242994,747402.772775,54429.9624679942
"797",2016-04-01,9,3,868905.721086772,672041.60612,196864.114966772
"798",2016-05-01,9,3,898306.40622455,656781.510566667,241524.895657883
"799",2016-06-01,9,3,893284.658602328,668909.835583333,224374.823018994
"800",2016-07-01,9,3,845515.434076216,727270.800433333,118244.633642883
"801",2016-08-01,9,3,1039936.52550122,801241.33834,238695.187161217
"802",2016-09-01,9,3,890611.74636705,827371.5577,63240.1886670497
"803",2016-10-01,9,3,855528.005747605,848528.20642,6999.7993276054
"804",2016-11-01,9,3,958184.670510828,871024.334,87160.3365108275
"805",2016-01-01,9,4,-364292.626881361,448502.8155,-812795.442381361
"806",2016-02-01,9,4,-359803.271131975,460322.571133333,-820125.842265308
"807",2016-03-01,9,4,-240601.540931976,587527.087033333,-828128.627965309
"808",2016-04-01,9,4,-218334.240765309,572128.793633333,-790463.034398642
"809",2016-05-01,9,4,-326921.903143087,517232.043275,-844153.946418087
"810",2016-06-01,9,4,120841.077451358,597428.55225,-476587.474798642
"811",2016-07-01,9,4,-367564.657024198,571120.42065,-938685.077674198
"812",2016-08-01,9,4,137043.670818024,711156.549366667,-574112.878548642
"813",2016-09-01,9,4,-208073.905481976,751136.780766667,-959210.686248642
"814",2016-10-01,9,4,-115054.215565309,711808.7381,-826862.953665309
"815",2016-11-01,9,4,-664412.776665309,795462.8888,-1459875.66546531
"816",2016-06-01,9,6,1281006.09561529,1211399.1075,69606.9881152858
"817",2016-07-01,9,6,1563211.62021529,1313396.82066667,249814.799548619
"818",2016-08-01,9,6,1694305.28421529,1315025.19556667,379280.088648619
"819",2016-09-01,9,6,1548712.25221529,1447778.5419,100933.710315285
"820",2016-10-01,9,6,1520383.6812728,2537906.91533333,-1017523.23406054
"821",2016-11-01,9,6,1419479.36983075,2448025.37366667,-1028546.00383592
"822",2016-01-01,9,7,1084547.8442955,1035438.789,49109.0552955017
"823",2016-02-01,9,7,1133032.73209574,1132177.4741,855.257995741442
"824",2016-03-01,9,7,1320651.67032907,1268209.37005,52442.3002790741
"825",2016-04-01,9,7,1264503.15359574,1365790.34055,-101287.186954259
"826",2016-05-01,9,7,1388879.28441241,866438.56605,522440.718362408
"827",2016-06-01,9,7,1327311.82181241,728057.1868,599254.635012408
"828",2016-07-01,9,7,1456281.06517907,853847.478732,602433.586447075
"829",2016-08-01,9,7,1498459.44556241,803072.67366,695386.771902408
"830",2016-09-01,9,7,1449211.42889574,795772.10828,653439.320615741
"831",2016-10-01,9,7,1439389.93481241,662073.03978,777316.895032408
"832",2016-11-01,9,7,1475875.14816241,687648.07605,788227.072112408
"833",2016-03-01,9,9,984111.913399915,873919.1269,110192.786499915
"834",2016-04-01,9,9,954046.946149915,915059.4232,38987.5229499155
"835",2016-05-01,9,9,1025102.30019992,926680.1705,98422.1296999154
"836",2016-06-01,9,9,977320.861399915,897582.4779,79738.3834999152
"837",2016-07-01,9,9,1045449.59219992,1093355.138,-47905.5458000847
"838",2016-08-01,9,9,1063345.97459992,1070554.614,-7208.63940008497
"839",2016-09-01,9,9,1065472.12054992,1133822.729,-68350.6084500849
"840",2016-10-01,9,9,998530.14486652,1118081.55,-119551.40513348
"841",2016-11-01,9,9,1168437.71659992,1393623.94,-225186.223400081
"842",2016-01-01,10,2,165953.454683922,215193.0223975,-49239.5677135778
"843",2016-02-01,10,2,191940.713941681,220578.793495,-28638.0795533186
"844",2016-03-01,10,2,240605.169763904,213909.8998325,26695.2699314035
"845",2016-04-01,10,2,195613.41290557,226785.147485,-31171.7345794297
"846",2016-05-01,10,2,184978.743472237,232307.53318,-47328.7897077631
"847",2016-06-01,10,2,211664.338591404,210588.4576025,1075.88098890355
"848",2016-07-01,10,2,189962.12393307,209387.8143275,-19425.6903944298
"849",2016-08-01,10,2,236654.719896959,253007.037596667,-16352.3176997075
"850",2016-09-01,10,2,228919.348534181,198572.504206667,30346.8443275146
"851",2016-10-01,10,2,196305.825108348,229695.13691,-33389.311801652
"852",2016-11-01,10,2,218938.746961126,272430.532653333,-53491.7856922075
"853",2014-11-01,10,4,93824.8367159898,119822.2375,-25997.4007840102
"854",2014-12-01,10,4,96655.1171459898,200067.6317,-103412.51455401
"855",2015-01-01,10,4,112559.609238982,192974.9944,-80415.3851610178
"856",2015-02-01,10,4,107592.343688994,186004.4913,-78412.1476110063
"857",2015-03-01,10,4,115289.482218994,269288.7714,-153999.289181006
"858",2015-04-01,10,4,110272.980718994,291691.2467,-181418.265981006
"859",2015-05-01,10,4,111183.664223994,142705.7008,-31522.0365760063
"860",2016-01-01,10,5,156924.602668683,122958.487314,33966.115354683
"861",2016-02-01,10,5,137648.031605416,133006.249513333,4641.78209208229
"862",2016-03-01,10,5,138039.518529066,126941.155506667,11098.3630223998
"863",2016-04-01,10,5,135175.218625098,126593.441917778,8581.77670732037
"864",2016-05-01,10,5,142582.93174113,127441.429245556,15141.5024955744
"865",2016-06-01,10,5,136703.315960019,134773.076591111,1930.2393689077
"866",2016-07-01,10,5,147719.914109463,135920.76469,11799.1494194632
"867",2016-08-01,10,5,140396.45990867,94332.2589885714,46064.2009200982
"868",2016-09-01,10,5,136694.761842003,110861.2716375,25833.4902045029
"869",2016-10-01,10,5,139433.237329384,94030.792955,45402.4443743839
"870",2016-11-01,10,5,150587.691519622,126523.40671,24064.284809622
"871",2016-01-01,10,7,240938.848108366,386455.0261,-145516.177991634
"872",2016-02-01,10,7,261122.754213343,433454.6175,-172331.863286657
"873",2016-03-01,10,7,311311.366958343,264308.9972,47002.3697583427
"874",2016-04-01,10,7,315254.024841676,293926.3408,21327.6840416762
"875",2016-05-01,10,7,327675.668708343,319614.0511,8061.61760834267
"876",2016-06-01,10,7,329660.034508343,330465.7015,-805.666991657228
"877",2016-07-01,10,7,341486.766208343,203899.9543,137586.811908343
"878",2016-08-01,10,7,217931.944125009,334024.0448,-116092.10067499
"879",2016-09-01,10,7,318281.708758343,150763.2658,167518.442958343
"880",2016-10-01,10,7,224894.333975009,188414.6089,36479.7250750095
"881",2016-11-01,10,7,305057.402058343,207146.6232,97910.7788583428
"882",2016-01-01,10,8,21719237.4387646,21891100.29205,-171862.853285428
"883",2016-02-01,10,8,21138748.227513,21519659.83779,-380911.610277001
"884",2016-03-01,10,8,22876264.556348,22298221.08422,578043.472127996
"885",2016-04-01,10,8,21491011.9055097,22605950.69036,-1114938.78485034
"886",2016-05-01,10,8,23912062.101603,23624841.07622,287221.025382996
"887",2016-06-01,10,8,23540905.2680047,24371458.43051,-830553.16250534
"888",2016-07-01,10,8,23608420.0137797,24308961.545585,-700541.531805336
"889",2016-08-01,10,8,24809276.0235913,25266323.983,-457047.959408667
"890",2016-09-01,10,8,23356652.641973,24841551.271105,-1484898.629132
"891",2016-10-01,10,8,24229635.0761197,24095818.12786,133816.948259663
"892",2016-11-01,10,8,24581944.4782947,25018479.8198,-436535.341505338
"893",2014-05-01,10,9,84762.0600475002,91118.77119,-6356.71114249977
"894",2014-06-01,10,9,85299.1794275002,95817.35607,-10518.1766424997
"895",2014-07-01,10,9,99336.8671775002,84112.02462,15224.8425575002
"896",2014-08-01,10,9,94386.6587475002,86331.87613,8054.78261750023
"897",2014-09-01,10,9,110911.5478775,78145.64443,32765.9034475002
